{
  "info": {
    "name": "QuickLoop API",
    "schema": "https://schema.getpostman.com/json/collection/v2.1.0/collection.json",
    "version": {
      "major": 1,
      "minor": 0,
      "patch": 0
    },
    "_postman_id": "quickloop-api-1234"
  },
  "item": [
    {
      "name": "Get All Projects",
      "request": {
        "method": "GET",
        "header": [],
        "url": {
          "raw": "http://localhost:4000/projects",
          "protocol": "http",
          "host": ["localhost"],
          "port": "4000",
          "path": ["projects"]
        }
      },
      "response": []
    },
    {
      "name": "Create Project",
      "request": {
        "method": "POST",
        "header": [
          {
            "key": "Content-Type",
            "value": "application/json"
          }
        ],
        "body": {
          "mode": "raw",
          "raw": "{\n  \"name\": \"My New Loop\",\n  \"tracks\": []\n}"
        },
        "url": {
          "raw": "http://localhost:4000/projects",
          "protocol": "http",
          "host": ["localhost"],
          "port": "4000",
          "path": ["projects"]
        }
      },
      "response": []
    },
    {
      "name": "Delete Project",
      "request": {
        "method": "DELETE",
        "header": [],
        "url": {
          "raw": "http://localhost:4000/projects/{{projectId}}",
          "protocol": "http",
          "host": ["localhost"],
          "port": "4000",
          "path": ["projects", "{{projectId}}"]
        }
      },
      "response": []
    }
  ]
}

